feature,cont_0,cont_1,cont_2,cont_3,cont_4,cont_5,cont_6
shots_per90,0.7037977244995709,-0.4928881065556175,-0.0034260424940751196,-0.2544147045372239,-0.11035245876970973,-0.004421301032743536,-0.014502652165635434
shots_on_target_per90,0.8186922747229282,-0.23490962158704565,-0.1680874503219438,-0.34342726077709423,-0.15089529210749875,0.04751205333252024,0.1060804658172178
shots_inside_box_per90,0.7409077520884345,-0.29646899771235147,-0.2651269993402363,-0.4100402966561671,-0.1882473806253218,0.04237822320691435,0.03996623831784998
shots_outside_box_per90,0.7736208267182528,0.16779815956979713,-0.020243190857267727,0.0573285388374714,0.025622664766928697,0.14094838571898952,0.03753882048953398
npxg_per90,0.5747819241011234,-0.5610289522158617,-0.07797550644374523,-0.42144547325617165,-0.1592144783549415,-0.10717861300268708,-0.045274660427346874
npxg_overperformance,-0.0700860724280532,0.18668078067662677,0.2358558419863977,0.13834133626464837,0.1680576185928033,-0.11127934446152365,0.7973945624740894
goal_conversion_pct,0.24347594802970396,-0.21650614516615194,0.12545239211543538,-0.3349832749781533,-0.018845766780789967,-0.2630617851869952,0.6149435251148345
big_chances_missed_per90,0.624434873776671,-0.35175611668166473,-0.22607584551826992,-0.436843359856423,-0.21620886442791276,-0.04527044587477616,-0.09738221606869563
key_passes_per90,0.689362629765485,-0.060563231315587655,0.44457428379389646,0.3515505259610842,-0.09657882041993743,-0.02878370700614545,-0.04758165735680946
xag_per90,0.6825512937672708,-0.1085712179379397,0.4255112967680677,0.2810076046787733,-0.18945538693129638,-0.013938563575563967,-0.05536309108315445
attempt_assists_per90,0.8590792149329463,0.2634174985317004,0.11760187982315888,0.2055025975095381,-0.11657136244996442,0.0601055427580084,0.011622879254511925
big_chances_created_per90,0.7903431580735895,0.16816097278407438,0.15292306136872205,0.15621794302397268,-0.231960860862214,0.05378761024014665,0.012120714408080263
xg_chain_per90,0.656269781465728,-0.15718902061184337,0.4685424504568474,-0.26200777030187405,-0.13990135294550562,-0.18321128619420116,-0.14824123385446686
xg_buildup_per90,0.12292520291650523,0.4189835099561024,0.6496978621842737,-0.16635144474349714,-0.03713415157658147,-0.18131808051537562,-0.16580080807549347
pass_to_assist_per90,0.3194752995881694,0.10010403228236057,0.2361071120683529,0.0909111894569751,-0.20332095764742084,-0.12336316389983516,0.08770534791352814
passes_per90,0.08053472932136,0.9004167653940931,0.060864376645146503,-0.2599208681315671,-0.056901802604469774,-0.1709018638340515,-0.024518905856483034
pass_completion_pct,-0.3046294992088695,0.49712598744182945,0.49193050730131577,-0.2313568460682941,0.2189719468668794,0.11633832376491343,-0.044183022604613834
passes_final_third_per90,0.6724535463042217,0.5841352652176642,0.24740794830897594,-0.030479347933685907,0.05459429264043192,-0.06253754763896388,-0.03916246606182046
passes_opp_half_per90,0.4400505767165332,0.7748646746827866,0.23638523046841667,-0.15678330182600647,0.04726311114569022,-0.1141117840170829,-0.040217548134813805
long_balls_per90,-0.18300635043066096,0.7959113495806817,-0.1310334826525774,-0.0910804089722099,-0.2584218890200077,-0.1846014719737894,0.008649237037059889
long_balls_pct,0.3519469428904398,0.01612453887372355,0.354347895095293,-0.4356579416371747,0.4495975438726092,0.04004863855077374,-0.05041459630760221
crosses_per90,0.5938419988573855,0.26425999484076806,0.09467381731321396,0.528780779921139,-0.20352762519171042,0.10675499400517473,0.04618432584742736
crosses_pct,0.045768942837490736,0.15378540229667437,0.1417363821163876,0.1949193308502332,-0.02672559328081717,0.061628464397252225,0.03227214203678617
chipped_passes_per90,0.10312212346864351,0.8026163358776626,-0.021518238686563683,-0.01199626969053939,-0.21450235524962663,-0.18602272749221682,-0.008252745386538956
chipped_passes_pct,0.23562308845356808,0.07687421485182266,0.2926512152283197,-0.4245398275047378,0.4996386152371138,0.0206517936212594,-0.0645144167633962
touches_per90,0.2498470974320626,0.9091386136745127,-0.05473798095398782,-0.15570894024611542,-0.08261206607153772,-0.11127297216936817,-0.006590608066479359
dribbles_per90,0.7365226697445114,0.10443586141082095,-0.06102271997180967,0.08439730802252064,0.0577402069240192,0.3735079759146437,0.0716205096688633
dribbles_pct,-0.20337315031717906,0.3395743120251289,0.15545998209441517,-0.24068331401766366,-0.055957919501141117,0.40466396508833813,0.00760996374787889
dispossessed_per90,0.8180914837417997,-0.07577291886584836,-0.2518520950878516,0.01282190512552202,0.20341733780264332,0.1377984568704513,0.028114306019372877
possession_lost_per90,0.7429334707099262,0.42016537251290353,-0.308406461531186,0.21672384309864126,-0.15912166164478628,0.022011722173161115,0.04762573540645511
ball_recoveries_per90,0.35000184145745034,0.806650326820633,-0.19972016417359348,0.015853357065774794,0.1617933641762785,-0.015950967205674724,-0.002465524527743759
possession_won_att_third_per90,0.841170367425536,0.09029941611269098,-0.0810439012048279,-0.007920822295230228,0.18184206288996208,0.037747971536978495,0.013445571967631622
tackles_per90,0.09767882858658063,0.7409262112657381,-0.27853942815105465,0.13698959609581707,0.2267974544036416,-0.01899585316498415,-0.054932417524659986
tackles_won_pct,-0.01671842106118109,0.07223227985967809,0.017942252465702083,0.050183827587834684,-0.1330194677730295,0.14411311534742713,0.011352565306772922
interceptions_per90,-0.23012877183230743,0.7298470519632605,-0.25604848698873695,-0.0782459813497127,-0.011438840051096664,-0.11298648938564192,0.011333051707901103
clearances_per90,-0.5349307989113897,0.47996478038675583,-0.306089217951624,-0.23815791551142054,-0.32259240219779284,-0.08899474692385549,0.03925904786564332
blocked_shots_per90,0.8473185235230642,-0.05299783037127506,-0.12116984304393455,-0.12584404162159035,-0.07790430570897885,0.13525483789087897,0.028771411578737607
dribbled_past_per90,0.4239580610904113,0.5512513811008705,-0.23545771462203807,0.27565427262558406,0.26286890939861973,-0.14022919333734832,-0.0791539786561715
aerials_won_pct,-0.46920456459807913,0.33912323197913163,-0.11859586733406649,-0.37182014456553014,-0.24697285828177,0.058434834383951126,0.019243097406519364
ground_duels_won_pct,-0.4586234121203185,0.4914313864937241,0.21378707326724428,-0.13584771380120683,-0.1379979807149505,0.5452612427079877,0.0784018547844671
duels_won_pct,-0.5301068452387877,0.5251929726060643,0.12732628308536648,-0.2626379449469579,-0.22090197626990737,0.44363969089359945,0.08208993674991258
fouls_per90,0.3553487480611196,0.3123536290566929,-0.5842162447711692,-0.10544351770015536,0.2805639729942845,-0.14817408770416704,-0.029201881578001975
fouled_per90,0.6230639622269074,0.17136644468512982,-0.2772568513511327,-0.06293973945015613,0.17195541080917298,0.40013251387625964,0.09025441440792487
